"Name","State","Created","Runtime","End Time","Hostname","Notes","Tags","User","misc.data_split_seed","misc.seed","bias.log_dataset","data.log_name","misc.log_method","Accuracy (LRCV)","Accuracy (Logistic Regression (C=1.0))","Accuracy (pytorch_classifier)","Accuracy_sex_Male_0.0 (LRCV)","Accuracy_sex_Male_0.0 (Logistic Regression (C=1.0))","Accuracy_sex_Male_0.0 (pytorch_classifier)","Accuracy_sex_Male_0.0-sex_Male_1.0 (LRCV)","Accuracy_sex_Male_0.0-sex_Male_1.0 (Logistic Regression (C=1.0))","Accuracy_sex_Male_0.0-sex_Male_1.0 (pytorch_classifier)","Accuracy_sex_Male_0.0÷sex_Male_1.0 (LRCV)","Accuracy_sex_Male_0.0÷sex_Male_1.0 (Logistic Regression (C=1.0))","Accuracy_sex_Male_0.0÷sex_Male_1.0 (pytorch_classifier)","Accuracy_sex_Male_1.0 (LRCV)","Accuracy_sex_Male_1.0 (Logistic Regression (C=1.0))","Accuracy_sex_Male_1.0 (pytorch_classifier)","Clust/Context ARI","Clust/Context Acc y=0 s=0","Clust/Context Acc y=0 s=1","Clust/Context Acc y=1 s=0","Clust/Context Acc y=1 s=1","Clust/Context Accuracy","Clust/Context NMI","ELBO","Loss Discriminator","Loss Total","Loss reconstruction","Renyi preds and s (LRCV)","Renyi preds and s (Logistic Regression (C=1.0))","Renyi preds and s (pytorch_classifier)","TNR (LRCV)","TNR (Logistic Regression (C=1.0))","TNR (pytorch_classifier)","TNR_sex_Male_0.0 (LRCV)","TNR_sex_Male_0.0 (Logistic Regression (C=1.0))","TNR_sex_Male_0.0 (pytorch_classifier)","TNR_sex_Male_0.0-sex_Male_1.0 (LRCV)","TNR_sex_Male_0.0-sex_Male_1.0 (Logistic Regression (C=1.0))","TNR_sex_Male_0.0-sex_Male_1.0 (pytorch_classifier)","TNR_sex_Male_0.0÷sex_Male_1.0 (LRCV)","TNR_sex_Male_0.0÷sex_Male_1.0 (Logistic Regression (C=1.0))","TNR_sex_Male_0.0÷sex_Male_1.0 (pytorch_classifier)","TNR_sex_Male_1.0 (LRCV)","TNR_sex_Male_1.0 (Logistic Regression (C=1.0))","TNR_sex_Male_1.0 (pytorch_classifier)","TPR (LRCV)","TPR (Logistic Regression (C=1.0))","TPR (pytorch_classifier)","TPR_sex_Male_0.0 (LRCV)","TPR_sex_Male_0.0 (Logistic Regression (C=1.0))","TPR_sex_Male_0.0 (pytorch_classifier)","TPR_sex_Male_0.0-sex_Male_1.0 (LRCV)","TPR_sex_Male_0.0-sex_Male_1.0 (Logistic Regression (C=1.0))","TPR_sex_Male_0.0-sex_Male_1.0 (pytorch_classifier)","TPR_sex_Male_0.0÷sex_Male_1.0 (LRCV)","TPR_sex_Male_0.0÷sex_Male_1.0 (Logistic Regression (C=1.0))","TPR_sex_Male_0.0÷sex_Male_1.0 (pytorch_classifier)","TPR_sex_Male_1.0 (LRCV)","TPR_sex_Male_1.0 (Logistic Regression (C=1.0))","TPR_sex_Male_1.0 (pytorch_classifier)","prob_pos_sex_Male_0.0 (LRCV)","prob_pos_sex_Male_0.0 (Logistic Regression (C=1.0))","prob_pos_sex_Male_0.0 (pytorch_classifier)","prob_pos_sex_Male_0.0-sex_Male_1.0 (LRCV)","prob_pos_sex_Male_0.0-sex_Male_1.0 (Logistic Regression (C=1.0))","prob_pos_sex_Male_0.0-sex_Male_1.0 (pytorch_classifier)","prob_pos_sex_Male_0.0÷sex_Male_1.0 (LRCV)","prob_pos_sex_Male_0.0÷sex_Male_1.0 (Logistic Regression (C=1.0))","prob_pos_sex_Male_0.0÷sex_Male_1.0 (pytorch_classifier)","prob_pos_sex_Male_1.0 (LRCV)","prob_pos_sex_Male_1.0 (Logistic Regression (C=1.0))","prob_pos_sex_Male_1.0 (pytorch_classifier)","ID","Group","Job Type","Updated","Sweep","Description","Commit","GitHub","GPU Count","GPU Type","_target_","bias._target_","bias.adult_biased_train","bias.missing_s","bias.mixing_factor","bias.subsample_context","bias.subsample_train","clust._target_","clust.batch_size","clust.cl_hidden_dims","clust.cluster","clust.early_stopping","clust.elbo_weight","clust.enc_epochs","clust.enc_lr","clust.enc_path","clust.enc_wandb","clust.enc_wd","clust.encode_batch_size","clust.encoder","clust.epochs","clust.eval_epochs","clust.eval_lr","clust.eval_on_recon","clust.feat_attr","clust.finetune_encoder","clust.finetune_lr","clust.finetune_wd","clust.freeze_layers","clust.k_num","clust.kl_weight","clust.labeler_epochs","clust.labeler_hidden_dims","clust.labeler_lr","clust.labeler_wandb","clust.labeler_wd","clust.log_freq","clust.lower_threshold","clust.lr","clust.method","clust.pseudo_labeler","clust.stochastic","clust.sup_bce_weight","clust.sup_ce_weight","clust.test_batch_size","clust.upper_threshold","clust.use_multi_head","clust.vae_std_tform","clust.val_freq","clust.vgg_weight","clust.weight_decay","clust.with_supervision","data._target_","data.adult_balanced_test","data.adult_split","data.background","data.balance_all_quadrants","data.binarize","data.black","data.celeba_sens_attr","data.celeba_target_attr","data.color_correlation","data.colors","data.context_pcnt","data.data_pcnt","data.dataset","data.drop_discrete","data.drop_native","data.filter_labels","data.filter_map_labels.2","data.filter_map_labels.4","data.genfaces_sens_attr","data.genfaces_target_attr","data.greyscale","data.input_noise","data.padding","data.quant_level","data.root","data.rotate_data","data.scale","data.shift_data","data.test_pcnt","data.transductive","enc._target_","enc.init_chans","enc.levels","enc.out_dim","enc.recon_loss","fdm._target_","fdm.ae_epochs","fdm.aggregator_hidden_dims","fdm.aggregator_input_dim","fdm.aggregator_type","fdm.bag_size","fdm.balanced_context","fdm.balanced_eval","fdm.batch_size","fdm.batch_wise_hidden_dims","fdm.batch_wise_latent","fdm.batch_wise_loss","fdm.disc_hidden_dims","fdm.disc_loss","fdm.disc_lr","fdm.disc_method","fdm.disc_reset_prob","fdm.disc_weight","fdm.distinguish_warmup","fdm.distinguish_weight","fdm.double_adv_loss","fdm.early_stopping","fdm.eff_batch_size","fdm.elbo_weight","fdm.enc_snorm","fdm.encode_batch_size","fdm.eval_batch_size","fdm.eval_epochs","fdm.eval_lr","fdm.eval_on_recon","fdm.feat_attr","fdm.gamma","fdm.inn_batch_norm","fdm.inn_bn_lag","fdm.inn_coupling_channels","fdm.inn_coupling_depth","fdm.inn_glow","fdm.inn_idf","fdm.inn_level_depth","fdm.inn_levels","fdm.inn_lr","fdm.inn_oxbow_net","fdm.inn_reshape_method","fdm.inn_scaling","fdm.inn_spectral_norm","fdm.iters","fdm.kl_weight","fdm.log_freq","fdm.lr","fdm.mmd_add_dot","fdm.mmd_kernel","fdm.mmd_scales","fdm.mmd_wts","fdm.nll_weight","fdm.num_disc_updates","fdm.num_discs","fdm.oversample","fdm.path_to_ae","fdm.pred_s_weight","fdm.pred_y_weight","fdm.recon_detach","fdm.recon_stability_weight","fdm.snorm","fdm.stochastic","fdm.test_batch_size","fdm.train_on_recon","fdm.use_inn","fdm.use_pretrained_enc","fdm.vae","fdm.vae_std_tform","fdm.val_freq","fdm.validate","fdm.vgg_weight","fdm.warmup_steps","fdm.weight_decay","fdm.zs_dim","fdm.zs_frac","fdm.zs_transform","misc._device","misc._s_dim","misc._target_","misc._y_dim","misc.cluster_label_file","misc.device","misc.evaluate","misc.exp_group","misc.gpu","misc.num_workers","misc.results_csv","misc.save_dir","misc.use_amp","misc.use_gpu","misc.use_wandb","Accuracy Discriminator (zy)","Accuracy Predictor s","Accuracy Predictor y"
"hopeful-elevator-2300","finished","2021-02-11T09:28:26.000Z","1049","2021-02-11T09:45:55.000Z","turing","-","","tmkehrenberg","29","29","partial","adult","no-cluster-fdm","0.6758982035928144","0.6729041916167665","0.687874251497006","0.592814371257485","0.5868263473053892","0.6062874251497006","0.1661676646706587","0.17215568862275454","0.16317365269461082","0.7810650887573964","0.7731755424063116","0.7879377431906615","0.7589820359281437","0.7589820359281437","0.7694610778443114","","","","","","","","1.0467681884765625","0.9955527782440186","1.0467681884765625","0.10243077576160432","0.3028390195203177","0.31734627794045267","0.3712734805414941","0.9580838323353292","0.9550898203592816","0.8982035928143712","1","1","0.9850299401197604","0.08383233532934131","0.08982035928143717","0.17365269461077848","0.9161676646706588","0.9101796407185628","0.82370820668693","0.9161676646706588","0.9101796407185628","0.811377245508982","0.3937125748502994","0.3907185628742515","0.47754491017964074","0.18562874251497005","0.17365269461077845","0.2275449101796407","0.4161676646706587","0.434131736526946","0.5","0.30845771144278605","0.28571428571428575","0.3127572016460905","0.6017964071856288","0.6077844311377245","0.7275449101796407","0.09281437125748504","0.08682634730538923","0.12125748502994012","0.25","0.2619760479041916","0.33682634730538924","0.2707423580786026","0.24892703862660945","0.2647058823529412","0.34281437125748504","0.34880239520958084","0.45808383233532934","fapu8yz7","no-cluster-fdm.bg4-with-32.partial","","2021-02-11T09:45:55.000Z","","","","","2","GeForce RTX 2080 Ti","","","true","[]","0","","","","4000","[30]","both","10000","1","100","0.001","","false","0","1000","ae","300","40","0.001","","false","false","0.00001","0","0","5","0.01","100","[]","0.001","false","0","50","0.3","0.001","pl_enc_no_norm","ranking","false","1","1","256","0.7","false","exp","10","0","0","true","","true","Sex","","true","","","","","","","0.4","1","","false","true","","","","","","","","","","","","","","0.2","false","","61","0","35","mixed","","","[]","32","gated","32","false","true","16","","","","[32]","logistic_ns","0.0003","nn","0","1","false","1","false","30","512","1","","1000","256","60","0.001","false","false","1","","","","","","","","","","","","","","5000","0","250","0.001","0","rq","[]","[]","","3","1","true","","0","0","true","","false","false","256","false","","true","false","exp","500","true","0","0","0","1","","none","","","","","","cuda:0","false","bg4-with-32","0","4","","experiments/finn","false","true","true","","",""
"misunderstood-vortex-2299","finished","2021-02-11T09:28:13.000Z","1046","2021-02-11T09:45:39.000Z","turing","-","","tmkehrenberg","28","28","partial","adult","no-cluster-fdm","0.6699101796407185","0.6714071856287425","0.718562874251497","0.5868263473053892","0.5898203592814372","0.657185628742515","0.1661676646706587","0.1631736526946107","0.1227544910179641","0.7793240556660039","0.7833001988071572","0.8426103646833013","0.7529940119760479","0.7529940119760479","0.7799401197604791","","","","","","","","1.141400933265686","1.0780165195465088","1.141400933265686","0.12676884233951569","0.3114297554203172","0.307093863352006","0.3153441997020309","0.9476047904191616","0.9476047904191616","0.8892215568862275","0.994011976047904","0.994011976047904","0.9760479041916168","0.09281437125748492","0.09281437125748492","0.17365269461077848","0.9066265060240964","0.9066265060240964","0.8220858895705521","0.9011976047904192","0.9011976047904192","0.8023952095808383","0.39221556886227543","0.39520958083832336","0.5479041916167665","0.17964071856287425","0.18562874251497005","0.3383233532934132","0.4251497005988024","0.41916167664670656","0.4191616766467066","0.297029702970297","0.3069306930693069","0.4466403162055336","0.6047904191616766","0.6047904191616766","0.7574850299401198","0.09281437125748504","0.09580838323353294","0.18113772455089824","0.25898203592814373","0.25598802395209586","0.2964071856287425","0.26382978723404255","0.2723404255319149","0.37931034482758624","0.35179640718562877","0.35179640718562877","0.47754491017964074","1c5g3mus","no-cluster-fdm.bg4-with-32.partial","","2021-02-11T09:45:39.000Z","","","","","2","GeForce RTX 2080 Ti","","","true","[]","0","","","","4000","[30]","both","10000","1","100","0.001","","false","0","1000","ae","300","40","0.001","","false","false","0.00001","0","0","5","0.01","100","[]","0.001","false","0","50","0.3","0.001","pl_enc_no_norm","ranking","false","1","1","256","0.7","false","exp","10","0","0","true","","true","Sex","","true","","","","","","","0.4","1","","false","true","","","","","","","","","","","","","","0.2","false","","61","0","35","mixed","","","[]","32","gated","32","false","true","16","","","","[32]","logistic_ns","0.0003","nn","0","1","false","1","false","30","512","1","","1000","256","60","0.001","false","false","1","","","","","","","","","","","","","","5000","0","250","0.001","0","rq","[]","[]","","3","1","true","","0","0","true","","false","false","256","false","","true","false","exp","500","true","0","0","0","1","","none","","","","","","cuda:0","false","bg4-with-32","0","4","","experiments/finn","false","true","true","","",""
"hardy-star-2298","finished","2021-02-11T09:27:26.000Z","1053","2021-02-11T09:44:59.000Z","turing","-","","tmkehrenberg","27","27","partial","adult","no-cluster-fdm","0.6549401197604791","0.6586826347305389","0.7275449101796407","0.5598802395209581","0.5718562874251497","0.7020958083832335","0.1901197604790419","0.17365269461077848","0.050898203592814384","0.7465069860279442","0.7670682730923695","0.9324055666003976","0.75","0.7455089820359282","0.7529940119760479","","","","","","","","1.0814087390899658","1.024122714996338","1.0814087390899658","0.1145721599459648","0.3637293626253967","0.335587793916858","0.24652580145141817","0.9476047904191616","0.9505988023952096","0.8877245508982036","1","1","0.9790419161676648","0.10479041916167664","0.09880239520958078","0.1826347305389222","0.8952095808383234","0.9011976047904192","0.8134556574923547","0.8952095808383234","0.9011976047904192","0.7964071856287425","0.3622754491017964","0.36676646706586824","0.5673652694610778","0.11976047904191615","0.1437125748502994","0.4251497005988024","0.48502994011976047","0.44610778443113774","0.28443113772455086","0.19801980198019803","0.24365482233502536","0.5991561181434599","0.6047904191616766","0.5898203592814372","0.7095808383233533","0.05988023952095808","0.0718562874251497","0.22305389221556887","0.29491017964071853","0.27245508982035926","0.23353293413173656","0.16877637130801687","0.20869565217391303","0.4885245901639344","0.35479041916167664","0.344311377245509","0.4565868263473054","1qrk8h3c","no-cluster-fdm.bg4-with-32.partial","","2021-02-11T09:44:59.000Z","","","","","2","GeForce RTX 2080 Ti","","","true","[]","0","","","","4000","[30]","both","10000","1","100","0.001","","false","0","1000","ae","300","40","0.001","","false","false","0.00001","0","0","5","0.01","100","[]","0.001","false","0","50","0.3","0.001","pl_enc_no_norm","ranking","false","1","1","256","0.7","false","exp","10","0","0","true","","true","Sex","","true","","","","","","","0.4","1","","false","true","","","","","","","","","","","","","","0.2","false","","61","0","35","mixed","","","[]","32","gated","32","false","true","16","","","","[32]","logistic_ns","0.0003","nn","0","1","false","1","false","30","512","1","","1000","256","60","0.001","false","false","1","","","","","","","","","","","","","","5000","0","250","0.001","0","rq","[]","[]","","3","1","true","","0","0","true","","false","false","256","false","","true","false","exp","500","true","0","0","0","1","","none","","","","","","cuda:0","false","bg4-with-32","0","4","","experiments/finn","false","true","true","","",""
"sparkling-dust-2297","finished","2021-02-11T09:27:13.000Z","1037","2021-02-11T09:44:30.000Z","turing","-","","tmkehrenberg","26","26","partial","adult","no-cluster-fdm","0.6684131736526946","0.6699101796407185","0.6901197604790419","0.5913173652694611","0.594311377245509","0.6227544910179641","0.1541916167664671","0.15119760479041922","0.1347305389221557","0.7931726907630522","0.7971887550200802","0.8221343873517787","0.7455089820359282","0.7455089820359282","0.7574850299401198","","","","","","","","1.0104163885116575","0.9466138482093812","1.0104163885116575","0.12760518491268158","0.3178690866275149","0.30782941142701864","0.37535427918795006","0.9446107784431138","0.9476047904191616","0.8892215568862275","1","1","0.994011976047904","0.1107784431137725","0.10479041916167664","0.20958083832335328","0.8892215568862275","0.8952095808383234","0.7891566265060241","0.8892215568862275","0.8952095808383234","0.7844311377245509","0.39221556886227543","0.39221556886227543","0.4910179640718562","0.18263473053892215","0.18862275449101795","0.25149700598802394","0.4191616766467066","0.40718562874251496","0.4790419161676646","0.3034825870646766","0.3165829145728643","0.3442622950819672","0.6017964071856288","0.5958083832335329","0.7305389221556886","0.09131736526946108","0.09431137724550898","0.12874251497005987","0.2649700598802395","0.2559880239520958","0.344311377245509","0.2563025210084034","0.2692307692307692","0.27215189873417717","0.3562874251497006","0.3502994011976048","0.47305389221556887","1y28ljgy","no-cluster-fdm.bg4-with-32.partial","","2021-02-11T09:44:30.000Z","","","","","2","GeForce RTX 2080 Ti","","","true","[]","0","","","","4000","[30]","both","10000","1","100","0.001","","false","0","1000","ae","300","40","0.001","","false","false","0.00001","0","0","5","0.01","100","[]","0.001","false","0","50","0.3","0.001","pl_enc_no_norm","ranking","false","1","1","256","0.7","false","exp","10","0","0","true","","true","Sex","","true","","","","","","","0.4","1","","false","true","","","","","","","","","","","","","","0.2","false","","61","0","35","mixed","","","[]","32","gated","32","false","true","16","","","","[32]","logistic_ns","0.0003","nn","0","1","false","1","false","30","512","1","","1000","256","60","0.001","false","false","1","","","","","","","","","","","","","","5000","0","250","0.001","0","rq","[]","[]","","3","1","true","","0","0","true","","false","false","256","false","","true","false","exp","500","true","0","0","0","1","","none","","","","","","cuda:0","false","bg4-with-32","0","4","","experiments/finn","false","true","true","","",""
"proud-darkness-2296","finished","2021-02-11T09:16:24.000Z","869","2021-02-11T09:30:53.000Z","fear","-","","tmkehrenberg","25","25","partial","adult","no-cluster-fdm","0.6594311377245509","0.6624251497005988","0.7312874251497006","0.5703592814371258","0.5793413173652695","0.7005988023952096","0.1781437125748503","0.1661676646706587","0.06137724550898205","0.762","0.7771084337349398","0.9194499017681728","0.7485029940119761","0.7455089820359282","0.7619760479041916","","","","","","","","0.9982696175575256","0.9329542517662048","0.9982696175575256","0.13063077628612518","0.3322806682451812","0.3128690948570428","0.2419209785456067","0.9550898203592816","0.9565868263473054","0.8727544910179641","1","1","0.9580838323353292","0.08982035928143717","0.08682634730538918","0.1706586826347305","0.9101796407185628","0.9131736526946108","0.821875","0.9101796407185628","0.9131736526946108","0.7874251497005988","0.3637724550898204","0.36826347305389223","0.5898203592814372","0.1407185628742515","0.15868263473053892","0.4431137724550898","0.4461077844311377","0.41916167664670656","0.29341317365269465","0.23979591836734696","0.2746113989637306","0.6016260162601625","0.5868263473053892","0.5778443113772455","0.7365269461077845","0.07035928143712575","0.07934131736526946","0.24251497005988024","0.26796407185628746","0.25299401197604793","0.23203592814371257","0.2079646017699115","0.23873873873873871","0.5110410094637224","0.3383233532934132","0.3323353293413174","0.4745508982035928","36kridzs","no-cluster-fdm.bg4-with-32.partial","","2021-02-11T09:30:53.000Z","","","","","1","Quadro RTX 5000","","","true","[]","0","","","","4000","[30]","both","10000","1","100","0.001","","false","0","1000","ae","300","40","0.001","","false","false","0.00001","0","0","5","0.01","100","[]","0.001","false","0","50","0.3","0.001","pl_enc_no_norm","ranking","false","1","1","256","0.7","false","exp","10","0","0","true","","true","Sex","","true","","","","","","","0.4","1","","false","true","","","","","","","","","","","","","","0.2","false","","61","0","35","mixed","","","[]","32","gated","32","false","true","16","","","","[32]","logistic_ns","0.0003","nn","0","1","false","1","false","30","512","1","","1000","256","60","0.001","false","false","1","","","","","","","","","","","","","","5000","0","250","0.001","0","rq","[]","[]","","3","1","true","","0","0","true","","false","false","256","false","","true","false","exp","500","true","0","0","0","1","","none","","","","","","cuda:0","false","bg4-with-32","0","4","","experiments/finn","false","true","true","","",""
"hearty-puddle-2295","finished","2021-02-11T09:16:16.000Z","878","2021-02-11T09:30:54.000Z","fear","-","","tmkehrenberg","24","24","partial","adult","no-cluster-fdm","0.655688622754491","0.6579341317365269","0.7125748502994012","0.5868263473053892","0.6017964071856288","0.6916167664670658","0.13772455089820368","0.11227544910179645","0.041916167664670656","0.8099173553719007","0.8427672955974842","0.9428571428571428","0.7245508982035929","0.7140718562874252","0.7335329341317365","","","","","","","","1.0327844619750977","0.9607217311859132","1.0327844619750977","0.14412540197372437","0.30003837738070727","0.2695319814599773","0.351550582979201","0.94311377245509","0.938622754491018","0.8323353293413174","0.997005988023952","0.994011976047904","0.9820359281437124","0.10778443113772462","0.11077844311377238","0.29940119760479034","0.8918918918918918","0.8885542168674699","0.6951219512195123","0.8892215568862275","0.8832335329341318","0.6826347305389222","0.36826347305389223","0.3772455089820359","0.592814371257485","0.17664670658682635","0.20958083832335328","0.4011976047904192","0.38323353293413176","0.33532934131736525","0.3832335329341317","0.3155080213903743","0.38461538461538464","0.5114503816793894","0.5598802395209581","0.5449101796407185","0.7844311377245509","0.08982035928143713","0.10778443113772455","0.20958083832335328","0.24550898203592816","0.22305389221556887","0.3413173652694611","0.26785714285714285","0.3257918552036199","0.3804347826086956","0.33532934131736525","0.33083832335329344","0.5508982035928144","3vfug0ze","no-cluster-fdm.bg4-with-32.partial","","2021-02-11T09:30:54.000Z","","","","","1","Quadro RTX 5000","","","true","[]","0","","","","4000","[30]","both","10000","1","100","0.001","","false","0","1000","ae","300","40","0.001","","false","false","0.00001","0","0","5","0.01","100","[]","0.001","false","0","50","0.3","0.001","pl_enc_no_norm","ranking","false","1","1","256","0.7","false","exp","10","0","0","true","","true","Sex","","true","","","","","","","0.4","1","","false","true","","","","","","","","","","","","","","0.2","false","","61","0","35","mixed","","","[]","32","gated","32","false","true","16","","","","[32]","logistic_ns","0.0003","nn","0","1","false","1","false","30","512","1","","1000","256","60","0.001","false","false","1","","","","","","","","","","","","","","5000","0","250","0.001","0","rq","[]","[]","","3","1","true","","0","0","true","","false","false","256","false","","true","false","exp","500","true","0","0","0","1","","none","","","","","","cuda:0","false","bg4-with-32","0","4","","experiments/finn","false","true","true","","",""
"golden-sunset-2294","finished","2021-02-11T09:10:56.000Z","1048","2021-02-11T09:28:24.000Z","turing","-","","tmkehrenberg","23","23","partial","adult","no-cluster-fdm","0.6766467065868264","0.6781437125748503","0.7118263473053892","0.5673652694610778","0.5808383233532934","0.6362275449101796","0.218562874251497","0.1946107784431137","0.15119760479041922","0.7219047619047619","0.7490347490347491","0.8079847908745247","0.7859281437125748","0.7754491017964071","0.7874251497005988","","","","","","","","1.107643485069275","1.0390956401824951","1.107643485069275","0.1370955854654312","0.3549234464137636","0.32763902124788924","0.3100048187764466","0.9640718562874252","0.9625748502994012","0.9161676646706588","1","1","0.9820359281437124","0.07185628742514971","0.07485029940119758","0.1317365269461077","0.9281437125748504","0.9251497005988024","0.8658536585365855","0.9281437125748504","0.9251497005988024","0.8502994011976048","0.3892215568862275","0.3937125748502994","0.5074850299401198","0.1347305389221557","0.16167664670658682","0.2904191616766467","0.5089820359281437","0.46407185628742514","0.43413173652694614","0.20930232558139536","0.2583732057416268","0.40082644628099173","0.6437125748502994","0.625748502994012","0.7245508982035929","0.06736526946107785","0.08083832335329341","0.15419161676646706","0.2904191616766467","0.2694610778443114","0.28293413173652693","0.18828451882845187","0.2307692307692308","0.3527397260273972","0.35778443113772457","0.3502994011976048","0.437125748502994","25dcrdl9","no-cluster-fdm.bg4-with-32.partial","","2021-02-11T09:28:24.000Z","","","","","2","GeForce RTX 2080 Ti","","","true","[]","0","","","","4000","[30]","both","10000","1","100","0.001","","false","0","1000","ae","300","40","0.001","","false","false","0.00001","0","0","5","0.01","100","[]","0.001","false","0","50","0.3","0.001","pl_enc_no_norm","ranking","false","1","1","256","0.7","false","exp","10","0","0","true","","true","Sex","","true","","","","","","","0.4","1","","false","true","","","","","","","","","","","","","","0.2","false","","61","0","35","mixed","","","[]","32","gated","32","false","true","16","","","","[32]","logistic_ns","0.0003","nn","0","1","false","1","false","30","512","1","","1000","256","60","0.001","false","false","1","","","","","","","","","","","","","","5000","0","250","0.001","0","rq","[]","[]","","3","1","true","","0","0","true","","false","false","256","false","","true","false","exp","500","true","0","0","0","1","","none","","","","","","cuda:0","false","bg4-with-32","0","4","","experiments/finn","false","true","true","","",""
"worthy-feather-2293","finished","2021-02-11T09:10:39.000Z","1052","2021-02-11T09:28:11.000Z","turing","-","","tmkehrenberg","22","22","partial","adult","no-cluster-fdm","0.6684131736526946","0.6714071856287425","0.7425149700598802","0.5973053892215568","0.6002994011976048","0.7200598802395209","0.1422155688622755","0.14221556886227538","0.04491017964071853","0.8076923076923076","0.808467741935484","0.9412915851272016","0.7395209580838323","0.7425149700598802","0.7649700598802395","","","","","","","","0.9732623100280762","0.9094728231430054","0.9732623100280762","0.12757902592420578","0.3035021222601697","0.29342803545382495","0.2236955658351549","0.9446107784431138","0.9491017964071856","0.8982035928143712","1","1","0.9820359281437124","0.1107784431137725","0.10179640718562875","0.16766467065868262","0.8892215568862275","0.8982035928143712","0.8292682926829268","0.8892215568862275","0.8982035928143712","0.8143712574850299","0.39221556886227543","0.3937125748502994","0.5868263473053892","0.19461077844311375","0.2005988023952096","0.45808383233532934","0.39520958083832336","0.3862275449101796","0.2574850299401198","0.3299492385786802","0.3418367346938776","0.6401673640167364","0.5898203592814372","0.5868263473053892","0.7155688622754491","0.09730538922155688","0.1002994011976048","0.23802395209580837","0.2529940119760479","0.2440119760479042","0.21257485029940124","0.2777777777777778","0.29130434782608694","0.5282392026578072","0.3502994011976048","0.344311377245509","0.4505988023952096","3sdtfolt","no-cluster-fdm.bg4-with-32.partial","","2021-02-11T09:28:11.000Z","","","","","2","GeForce RTX 2080 Ti","","","true","[]","0","","","","4000","[30]","both","10000","1","100","0.001","","false","0","1000","ae","300","40","0.001","","false","false","0.00001","0","0","5","0.01","100","[]","0.001","false","0","50","0.3","0.001","pl_enc_no_norm","ranking","false","1","1","256","0.7","false","exp","10","0","0","true","","true","Sex","","true","","","","","","","0.4","1","","false","true","","","","","","","","","","","","","","0.2","false","","61","0","35","mixed","","","[]","32","gated","32","false","true","16","","","","[32]","logistic_ns","0.0003","nn","0","1","false","1","false","30","512","1","","1000","256","60","0.001","false","false","1","","","","","","","","","","","","","","5000","0","250","0.001","0","rq","[]","[]","","3","1","true","","0","0","true","","false","false","256","false","","true","false","exp","500","true","0","0","0","1","","none","","","","","","cuda:0","false","bg4-with-32","0","4","","experiments/finn","false","true","true","","",""
"young-darkness-2292","finished","2021-02-11T09:10:16.000Z","1028","2021-02-11T09:27:24.000Z","turing","-","","tmkehrenberg","21","21","partial","adult","no-cluster-fdm","0.6579341317365269","0.6684131736526946","0.7200598802395209","0.5838323353293413","0.6002994011976048","0.6961077844311377","0.14820359281437123","0.13622754491017963","0.0479041916167664","0.7975460122699387","0.8150406504065041","0.9356136820925556","0.7320359281437125","0.7365269461077845","0.7440119760479041","","","","","","","","1.0730912685394287","1.0140827894210815","1.0730912685394287","0.11801692843437196","0.32177404063861204","0.29052900938314286","0.27289347247131635","0.9416167664670658","0.9476047904191616","0.8502994011976048","1","1","0.9580838323353292","0.11676646706586824","0.10479041916167664","0.2155688622754491","0.8832335329341318","0.8952095808383234","0.7749999999999999","0.8832335329341318","0.8952095808383234","0.7425149700598802","0.374251497005988","0.3892215568862275","0.5898203592814372","0.16766467065868262","0.2005988023952096","0.4341317365269461","0.4131736526946108","0.3772455089820359","0.3113772455089821","0.28865979381443296","0.3471502590673575","0.5823293172690762","0.5808383233532934","0.5778443113772455","0.7455089820359282","0.08383233532934131","0.1002994011976048","0.23802395209580837","0.26497005988023953","0.24101796407185633","0.26347305389221554","0.24034334763948495","0.293859649122807","0.4746268656716418","0.34880239520958084","0.3413173652694611","0.5014970059880239","11pekrvo","no-cluster-fdm.bg4-with-32.partial","","2021-02-11T09:27:24.000Z","","","","","2","GeForce RTX 2080 Ti","","","true","[]","0","","","","4000","[30]","both","10000","1","100","0.001","","false","0","1000","ae","300","40","0.001","","false","false","0.00001","0","0","5","0.01","100","[]","0.001","false","0","50","0.3","0.001","pl_enc_no_norm","ranking","false","1","1","256","0.7","false","exp","10","0","0","true","","true","Sex","","true","","","","","","","0.4","1","","false","true","","","","","","","","","","","","","","0.2","false","","61","0","35","mixed","","","[]","32","gated","32","false","true","16","","","","[32]","logistic_ns","0.0003","nn","0","1","false","1","false","30","512","1","","1000","256","60","0.001","false","false","1","","","","","","","","","","","","","","5000","0","250","0.001","0","rq","[]","[]","","3","1","true","","0","0","true","","false","false","256","false","","true","false","exp","500","true","0","0","0","1","","none","","","","","","cuda:0","false","bg4-with-32","0","4","","experiments/finn","false","true","true","","",""
"balmy-shape-2291","finished","2021-02-11T09:09:43.000Z","1048","2021-02-11T09:27:11.000Z","turing","-","","tmkehrenberg","20","20","partial","adult","no-cluster-fdm","0.6609281437125748","0.6639221556886228","0.7559880239520959","0.5673652694610778","0.5793413173652695","0.7305389221556886","0.187125748502994","0.16916167664670656","0.050898203592814384","0.751984126984127","0.774","0.9348659003831418","0.7544910179640718","0.7485029940119761","0.781437125748503","","","","","","","","0.8789151310920715","0.8167251944541931","0.8789151310920715","0.12437982112169266","0.3106034025683044","0.2834387832011711","0.24168189474771987","0.9640718562874252","0.9655688622754492","0.8847305389221557","0.994011976047904","0.994011976047904","0.9760479041916168","0.059880239520958","0.05688622754491013","0.1826347305389222","0.9397590361445785","0.9427710843373496","0.8128834355828221","0.934131736526946","0.937125748502994","0.7934131736526946","0.35778443113772457","0.3622754491017964","0.6272455089820359","0.1407185628742515","0.16467065868263472","0.48502994011976047","0.4341317365269461","0.39520958083832336","0.2844311377245509","0.24479166666666669","0.2941176470588235","0.6303501945525292","0.5748502994011976","0.5598802395209581","0.7694610778443114","0.07335329341317365","0.08532934131736528","0.25449101796407186","0.24700598802395213","0.22604790419161677","0.23353293413173656","0.2289719626168224","0.27403846153846156","0.5214723926380368","0.3203592814371258","0.31137724550898205","0.4880239520958084","1lqbzus0","no-cluster-fdm.bg4-with-32.partial","","2021-02-11T09:27:11.000Z","","","","","2","GeForce RTX 2080 Ti","","","true","[]","0","","","","4000","[30]","both","10000","1","100","0.001","","false","0","1000","ae","300","40","0.001","","false","false","0.00001","0","0","5","0.01","100","[]","0.001","false","0","50","0.3","0.001","pl_enc_no_norm","ranking","false","1","1","256","0.7","false","exp","10","0","0","true","","true","Sex","","true","","","","","","","0.4","1","","false","true","","","","","","","","","","","","","","0.2","false","","61","0","35","mixed","","","[]","32","gated","32","false","true","16","","","","[32]","logistic_ns","0.0003","nn","0","1","false","1","false","30","512","1","","1000","256","60","0.001","false","false","1","","","","","","","","","","","","","","5000","0","250","0.001","0","rq","[]","[]","","3","1","true","","0","0","true","","false","false","256","false","","true","false","exp","500","true","0","0","0","1","","none","","","","","","cuda:0","false","bg4-with-32","0","4","","experiments/finn","false","true","true","","",""
"dulcet-dust-2290","finished","2021-02-11T09:01:49.000Z","873","2021-02-11T09:16:22.000Z","fear","-","","tmkehrenberg","19","19","partial","adult","no-cluster-fdm","0.6714071856287425","0.6684131736526946","0.7365269461077845","0.5808383233532934","0.5853293413173652","0.7110778443113772","0.18113772455089816","0.1661676646706587","0.050898203592814384","0.762278978388998","0.7788844621513944","0.9332023575638506","0.7619760479041916","0.7514970059880239","0.7619760479041916","","","","","","","","1.1973545551300049","1.1441900730133057","1.1973545551300049","0.10632895305752754","0.3402325073667049","0.32223078740021255","0.2638497561094632","0.9491017964071856","0.9461077844311376","0.8877245508982036","1","0.997005988023952","0.9880239520958084","0.10179640718562875","0.10179640718562875","0.20059880239520955","0.8982035928143712","0.8978978978978979","0.796969696969697","0.8982035928143712","0.8952095808383234","0.7874251497005988","0.3937125748502994","0.3907185628742515","0.5853293413173652","0.16167664670658682","0.17365269461077845","0.4341317365269461","0.46407185628742514","0.434131736526946","0.3023952095808384","0.2583732057416268","0.28571428571428575","0.589430894308943","0.625748502994012","0.6077844311377245","0.7365269461077845","0.08083832335329341","0.08832335329341318","0.22305389221556887","0.28293413173652693","0.2679640718562874","0.25149700598802394","0.2222222222222222","0.2478991596638656","0.47003154574132494","0.3637724550898204","0.3562874251497006","0.4745508982035928","3nsiejkn","no-cluster-fdm.bg4-with-32.partial","","2021-02-11T09:16:22.000Z","","","","","1","Quadro RTX 5000","","","true","[]","0","","","","4000","[30]","both","10000","1","100","0.001","","false","0","1000","ae","300","40","0.001","","false","false","0.00001","0","0","5","0.01","100","[]","0.001","false","0","50","0.3","0.001","pl_enc_no_norm","ranking","false","1","1","256","0.7","false","exp","10","0","0","true","","true","Sex","","true","","","","","","","0.4","1","","false","true","","","","","","","","","","","","","","0.2","false","","61","0","35","mixed","","","[]","32","gated","32","false","true","16","","","","[32]","logistic_ns","0.0003","nn","0","1","false","1","false","30","512","1","","1000","256","60","0.001","false","false","1","","","","","","","","","","","","","","5000","0","250","0.001","0","rq","[]","[]","","3","1","true","","0","0","true","","false","false","256","false","","true","false","exp","500","true","0","0","0","1","","none","","","","","","cuda:0","false","bg4-with-32","0","4","","experiments/finn","false","true","true","","",""
"gentle-lake-2289","finished","2021-02-11T09:01:39.000Z","876","2021-02-11T09:16:15.000Z","fear","-","","tmkehrenberg","18","18","partial","adult","no-cluster-fdm","0.6751497005988024","0.686377245508982","0.7529940119760479","0.5763473053892215","0.5958083832335329","0.6961077844311377","0.19760479041916168","0.18113772455089827","0.11377245508982035","0.7446808510638298","0.7668593448940269","0.8595194085027726","0.7739520958083832","0.7769461077844312","0.8098802395209581","","","","","","","","1.017084717750549","0.95090651512146","1.017084717750549","0.13235636055469513","0.321693121336177","0.2824899525681108","0.2314767445532775","0.968562874251497","0.9715568862275448","0.9176646706586826","1","0.997005988023952","0.9700598802395208","0.06287425149700598","0.050898203592814384","0.10479041916167664","0.937125748502994","0.948948948948949","0.8919753086419753","0.937125748502994","0.9461077844311376","0.8652694610778443","0.38173652694610777","0.4011976047904192","0.5883233532934131","0.15269461077844312","0.19461077844311375","0.4221556886227545","0.45808383233532934","0.4131736526946107","0.3323353293413173","0.25","0.3201970443349754","0.5595238095238095","0.6107784431137725","0.6077844311377245","0.7544910179640718","0.07634730538922156","0.09880239520958084","0.22604790419161677","0.26047904191616766","0.2320359281437126","0.21856287425149695","0.22666666666666668","0.2986425339366516","0.5084175084175084","0.33682634730538924","0.33083832335329344","0.44461077844311375","3eshonq8","no-cluster-fdm.bg4-with-32.partial","","2021-02-11T09:16:15.000Z","","","","","1","Quadro RTX 5000","","","true","[]","0","","","","4000","[30]","both","10000","1","100","0.001","","false","0","1000","ae","300","40","0.001","","false","false","0.00001","0","0","5","0.01","100","[]","0.001","false","0","50","0.3","0.001","pl_enc_no_norm","ranking","false","1","1","256","0.7","false","exp","10","0","0","true","","true","Sex","","true","","","","","","","0.4","1","","false","true","","","","","","","","","","","","","","0.2","false","","61","0","35","mixed","","","[]","32","gated","32","false","true","16","","","","[32]","logistic_ns","0.0003","nn","0","1","false","1","false","30","512","1","","1000","256","60","0.001","false","false","1","","","","","","","","","","","","","","5000","0","250","0.001","0","rq","[]","[]","","3","1","true","","0","0","true","","false","false","256","false","","true","false","exp","500","true","0","0","0","1","","none","","","","","","cuda:0","false","bg4-with-32","0","4","","experiments/finn","false","true","true","","",""
"misty-snow-2288","finished","2021-02-11T08:53:22.000Z","1052","2021-02-11T09:10:54.000Z","turing","-","","tmkehrenberg","17","17","partial","adult","no-cluster-fdm","0.6661676646706587","0.6691616766467066","0.687874251497006","0.5688622754491018","0.5733532934131736","0.6347305389221557","0.1946107784431137","0.19161676646706585","0.10628742514970058","0.7450980392156864","0.7495107632093934","0.8565656565656566","0.7634730538922155","0.7649700598802395","0.7410179640718563","","","","","","","","1.037449836730957","0.9762377142906188","1.037449836730957","0.12242430076003076","0.32614936786833776","0.32060328095962093","0.3498867383648119","0.9670658682634732","0.9670658682634732","0.8937125748502994","1","1","1","0.06586826347305386","0.06586826347305386","0.21257485029940115","0.934131736526946","0.934131736526946","0.7874251497005988","0.934131736526946","0.934131736526946","0.7874251497005988","0.3652694610778443","0.3712574850299401","0.4820359281437126","0.1377245508982036","0.1467065868263473","0.2694610778443114","0.4550898203592814","0.4491017964071856","0.4251497005988024","0.23232323232323232","0.24623115577889448","0.3879310344827586","0.592814371257485","0.5958083832335329","0.6946107784431138","0.0688622754491018","0.07335329341317365","0.1347305389221557","0.26047904191616766","0.2574850299401198","0.3188622754491018","0.2090909090909091","0.22171945701357465","0.29702970297029707","0.32934131736526945","0.33083832335329344","0.4535928143712575","1xur0zel","no-cluster-fdm.bg4-with-32.partial","","2021-02-11T09:10:54.000Z","","","","","2","GeForce RTX 2080 Ti","","","true","[]","0","","","","4000","[30]","both","10000","1","100","0.001","","false","0","1000","ae","300","40","0.001","","false","false","0.00001","0","0","5","0.01","100","[]","0.001","false","0","50","0.3","0.001","pl_enc_no_norm","ranking","false","1","1","256","0.7","false","exp","10","0","0","true","","true","Sex","","true","","","","","","","0.4","1","","false","true","","","","","","","","","","","","","","0.2","false","","61","0","35","mixed","","","[]","32","gated","32","false","true","16","","","","[32]","logistic_ns","0.0003","nn","0","1","false","1","false","30","512","1","","1000","256","60","0.001","false","false","1","","","","","","","","","","","","","","5000","0","250","0.001","0","rq","[]","[]","","3","1","true","","0","0","true","","false","false","256","false","","true","false","exp","500","true","0","0","0","1","","none","","","","","","cuda:0","false","bg4-with-32","0","4","","experiments/finn","false","true","true","","",""
"swept-wave-2287","finished","2021-02-11T08:53:11.000Z","1023","2021-02-11T09:10:14.000Z","turing","-","","tmkehrenberg","16","16","partial","adult","no-cluster-fdm","0.6699101796407185","0.6729041916167665","0.7275449101796407","0.5913173652694611","0.5973053892215568","0.6901197604790419","0.15718562874251496","0.15119760479041922","0.07485029940119758","0.79","0.7979999999999999","0.9021526418786692","0.7485029940119761","0.7485029940119761","0.7649700598802395","","","","","","","","1.1366533041000366","1.0755648612976074","1.1366533041000366","0.12217698991298676","0.3134953757859365","0.2993260932645382","0.26725859972479576","0.937125748502994","0.940119760479042","0.8802395209580839","0.9910179640718564","0.9910179640718564","0.9700598802395208","0.10778443113772453","0.10179640718562875","0.17964071856287422","0.8912386706948641","0.8972809667673716","0.8148148148148149","0.8832335329341318","0.8892215568862275","0.7904191616766467","0.4026946107784431","0.405688622754491","0.5748502994011976","0.19161676646706588","0.20359281437125748","0.4101796407185629","0.4221556886227545","0.40419161676646703","0.32934131736526945","0.3121951219512195","0.3349753694581281","0.5546558704453441","0.6137724550898204","0.6077844311377245","0.7395209580838323","0.1002994011976048","0.1062874251497006","0.22005988023952097","0.26497005988023953","0.2529940119760479","0.2544910179640718","0.27459016393442626","0.29583333333333334","0.4637223974763407","0.3652694610778443","0.3592814371257485","0.4745508982035928","icg7hy85","no-cluster-fdm.bg4-with-32.partial","","2021-02-11T09:10:14.000Z","","","","","2","GeForce RTX 2080 Ti","","","true","[]","0","","","","4000","[30]","both","10000","1","100","0.001","","false","0","1000","ae","300","40","0.001","","false","false","0.00001","0","0","5","0.01","100","[]","0.001","false","0","50","0.3","0.001","pl_enc_no_norm","ranking","false","1","1","256","0.7","false","exp","10","0","0","true","","true","Sex","","true","","","","","","","0.4","1","","false","true","","","","","","","","","","","","","","0.2","false","","61","0","35","mixed","","","[]","32","gated","32","false","true","16","","","","[32]","logistic_ns","0.0003","nn","0","1","false","1","false","30","512","1","","1000","256","60","0.001","false","false","1","","","","","","","","","","","","","","5000","0","250","0.001","0","rq","[]","[]","","3","1","true","","0","0","true","","false","false","256","false","","true","false","exp","500","true","0","0","0","1","","none","","","","","","cuda:0","false","bg4-with-32","0","4","","experiments/finn","false","true","true","","",""
"peach-river-2286","finished","2021-02-11T08:53:08.000Z","1049","2021-02-11T09:10:37.000Z","turing","-","","tmkehrenberg","15","15","partial","adult","no-cluster-fdm","0.6549401197604791","0.655688622754491","0.6968562874251497","0.5643712574850299","0.5748502994011976","0.6452095808383234","0.18113772455089827","0.16167664670658688","0.1032934131736527","0.7570281124497992","0.7804878048780487","0.862","0.7455089820359282","0.7365269461077845","0.7485029940119761","","","","","","","","1.1008126735687256","1.0429145097732544","1.1008126735687256","0.11579639092087746","0.35079547081843937","0.32821223800659743","0.28344067419586033","0.9446107784431138","0.9476047904191616","0.8877245508982036","0.997005988023952","1","0.9670658682634732","0.10479041916167664","0.10479041916167664","0.1586826347305389","0.8948948948948949","0.8952095808383234","0.8359133126934984","0.8922155688622755","0.8952095808383234","0.8083832335329342","0.3652694610778443","0.3637724550898204","0.5059880239520959","0.1317365269461078","0.1497005988023952","0.32335329341317365","0.46706586826347296","0.4281437125748503","0.3652694610778443","0.22000000000000003","0.25906735751295334","0.4695652173913043","0.5988023952095808","0.5778443113772455","0.688622754491018","0.06736526946107785","0.0748502994011976","0.1781437125748503","0.28592814371257486","0.2664670658682635","0.26197604790419166","0.1906779661016949","0.21929824561403505","0.4047619047619047","0.3532934131736527","0.3413173652694611","0.44011976047904194","2ulvn2vr","no-cluster-fdm.bg4-with-32.partial","","2021-02-11T09:10:37.000Z","","","","","2","GeForce RTX 2080 Ti","","","true","[]","0","","","","4000","[30]","both","10000","1","100","0.001","","false","0","1000","ae","300","40","0.001","","false","false","0.00001","0","0","5","0.01","100","[]","0.001","false","0","50","0.3","0.001","pl_enc_no_norm","ranking","false","1","1","256","0.7","false","exp","10","0","0","true","","true","Sex","","true","","","","","","","0.4","1","","false","true","","","","","","","","","","","","","","0.2","false","","61","0","35","mixed","","","[]","32","gated","32","false","true","16","","","","[32]","logistic_ns","0.0003","nn","0","1","false","1","false","30","512","1","","1000","256","60","0.001","false","false","1","","","","","","","","","","","","","","5000","0","250","0.001","0","rq","[]","[]","","3","1","true","","0","0","true","","false","false","256","false","","true","false","exp","500","true","0","0","0","1","","none","","","","","","cuda:0","false","bg4-with-32","0","4","","experiments/finn","false","true","true","","",""
"woven-darkness-2285","finished","2021-02-11T08:52:40.000Z","1021","2021-02-11T09:09:41.000Z","turing","-","","tmkehrenberg","14","14","partial","adult","no-cluster-fdm","0.6826347305389222","0.6773952095808383","0.7035928143712575","0.594311377245509","0.5913173652694611","0.6631736526946108","0.17664670658682635","0.17215568862275443","0.08083832335329333","0.7708737864077669","0.7745098039215687","0.8913480885311872","0.7709580838323353","0.7634730538922155","0.7440119760479041","","","","","","","","0.8944594860076904","0.8202021718025208","0.8944594860076904","0.14851463586091995","0.30350949417752254","0.294857134080378","0.31571750891703704","0.9550898203592816","0.9580838323353292","0.8473053892215568","0.994011976047904","0.994011976047904","0.9580838323353292","0.07784431137724546","0.0718562874251496","0.22155688622754488","0.9216867469879518","0.927710843373494","0.76875","0.9161676646706588","0.9221556886227544","0.7365269461077845","0.4101796407185629","0.3967065868263473","0.5598802395209581","0.19461077844311375","0.18862275449101795","0.36826347305389223","0.43113772455089816","0.4161676646706587","0.3832335329341317","0.31100478468899523","0.3118811881188119","0.4900398406374502","0.625748502994012","0.6047904191616766","0.7514970059880239","0.1002994011976048","0.09730538922155688","0.20508982035928144","0.25449101796407186","0.2440119760479042","0.3023952095808383","0.28270042194092826","0.2850877192982456","0.40412979351032446","0.35479041916167664","0.3413173652694611","0.5074850299401198","3ihxybws","no-cluster-fdm.bg4-with-32.partial","","2021-02-11T09:09:41.000Z","","","","","2","GeForce RTX 2080 Ti","","","true","[]","0","","","","4000","[30]","both","10000","1","100","0.001","","false","0","1000","ae","300","40","0.001","","false","false","0.00001","0","0","5","0.01","100","[]","0.001","false","0","50","0.3","0.001","pl_enc_no_norm","ranking","false","1","1","256","0.7","false","exp","10","0","0","true","","true","Sex","","true","","","","","","","0.4","1","","false","true","","","","","","","","","","","","","","0.2","false","","61","0","35","mixed","","","[]","32","gated","32","false","true","16","","","","[32]","logistic_ns","0.0003","nn","0","1","false","1","false","30","512","1","","1000","256","60","0.001","false","false","1","","","","","","","","","","","","","","5000","0","250","0.001","0","rq","[]","[]","","3","1","true","","0","0","true","","false","false","256","false","","true","false","exp","500","true","0","0","0","1","","none","","","","","","cuda:0","false","bg4-with-32","0","4","","experiments/finn","false","true","true","","",""
"peachy-sponge-2284","finished","2021-02-11T08:47:08.000Z","880","2021-02-11T09:01:48.000Z","fear","-","","tmkehrenberg","13","13","partial","adult","no-cluster-fdm","0.6646706586826348","0.6729041916167665","0.7155688622754491","0.5733532934131736","0.592814371257485","0.6676646706586826","0.1826347305389222","0.16017964071856283","0.09580838323353293","0.7584158415841583","0.7872763419483102","0.8745098039215686","0.7559880239520959","0.7529940119760479","0.7634730538922155","","","","","","","","0.9870891571044922","0.9163159132003784","0.9870891571044922","0.14154647290706637","0.34860722798961935","0.30857428946905235","0.28382116523349304","0.9476047904191616","0.9520958083832336","0.8877245508982036","1","1","0.9730538922155688","0.10479041916167664","0.09580838323353293","0.1706586826347305","0.8952095808383234","0.9041916167664672","0.8246153846153846","0.8952095808383234","0.9041916167664672","0.8023952095808383","0.38173652694610777","0.3937125748502994","0.5434131736526946","0.1467065868263473","0.18562874251497005","0.3622754491017964","0.47005988023952094","0.4161676646706587","0.3622754491017964","0.23786407766990292","0.30845771144278605","0.5","0.6167664670658682","0.6017964071856288","0.7245508982035929","0.07335329341317365","0.09281437125748504","0.19461077844311375","0.2874251497005988","0.2559880239520958","0.2664670658682635","0.2033195020746888","0.26609442060085836","0.4220779220779221","0.3607784431137725","0.34880239520958084","0.46107784431137727","3nhrc3w8","no-cluster-fdm.bg4-with-32.partial","","2021-02-11T09:01:48.000Z","","","","","1","Quadro RTX 5000","","","true","[]","0","","","","4000","[30]","both","10000","1","100","0.001","","false","0","1000","ae","300","40","0.001","","false","false","0.00001","0","0","5","0.01","100","[]","0.001","false","0","50","0.3","0.001","pl_enc_no_norm","ranking","false","1","1","256","0.7","false","exp","10","0","0","true","","true","Sex","","true","","","","","","","0.4","1","","false","true","","","","","","","","","","","","","","0.2","false","","61","0","35","mixed","","","[]","32","gated","32","false","true","16","","","","[32]","logistic_ns","0.0003","nn","0","1","false","1","false","30","512","1","","1000","256","60","0.001","false","false","1","","","","","","","","","","","","","","5000","0","250","0.001","0","rq","[]","[]","","3","1","true","","0","0","true","","false","false","256","false","","true","false","exp","500","true","0","0","0","1","","none","","","","","","cuda:0","false","bg4-with-32","0","4","","experiments/finn","false","true","true","","",""
"soft-valley-2283","finished","2021-02-11T08:47:06.000Z","871","2021-02-11T09:01:37.000Z","fear","-","","tmkehrenberg","12","12","partial","adult","no-cluster-fdm","0.6684131736526946","0.6684131736526946","0.7050898203592815","0.561377245508982","0.5583832335329342","0.6197604790419161","0.2140718562874251","0.22005988023952097","0.1706586826347306","0.723938223938224","0.7173076923076923","0.7840909090909091","0.7754491017964071","0.7784431137724551","0.7904191616766467","","","","","","","","1.2033320665359497","1.1348876953125","1.2033320665359497","0.13688872754573822","0.3682041287799548","0.3782218002466036","0.439570702614952","0.9565868263473054","0.9550898203592816","0.875748502994012","1","1","0.997005988023952","0.08682634730538918","0.08982035928143717","0.24251497005988032","0.9131736526946108","0.9101796407185628","0.7567567567567567","0.9131736526946108","0.9101796407185628","0.7544910179640718","0.38023952095808383","0.38173652694610777","0.5344311377245509","0.12275449101796408","0.11676646706586828","0.24251497005988024","0.5149700598802395","0.5299401197604791","0.5838323353293413","0.19248826291079812","0.18055555555555555","0.29347826086956524","0.6377245508982036","0.6467065868263473","0.8263473053892215","0.061377245508982034","0.058383233532934134","0.12275449101796408","0.3008982035928144","0.3098802395209581","0.4131736526946107","0.16942148760330578","0.15853658536585366","0.22905027932960895","0.3622754491017964","0.36826347305389223","0.5359281437125748","q5svxkpn","no-cluster-fdm.bg4-with-32.partial","","2021-02-11T09:01:37.000Z","","","","","1","Quadro RTX 5000","","","true","[]","0","","","","4000","[30]","both","10000","1","100","0.001","","false","0","1000","ae","300","40","0.001","","false","false","0.00001","0","0","5","0.01","100","[]","0.001","false","0","50","0.3","0.001","pl_enc_no_norm","ranking","false","1","1","256","0.7","false","exp","10","0","0","true","","true","Sex","","true","","","","","","","0.4","1","","false","true","","","","","","","","","","","","","","0.2","false","","61","0","35","mixed","","","[]","32","gated","32","false","true","16","","","","[32]","logistic_ns","0.0003","nn","0","1","false","1","false","30","512","1","","1000","256","60","0.001","false","false","1","","","","","","","","","","","","","","5000","0","250","0.001","0","rq","[]","[]","","3","1","true","","0","0","true","","false","false","256","false","","true","false","exp","500","true","0","0","0","1","","none","","","","","","cuda:0","false","bg4-with-32","0","4","","experiments/finn","false","true","true","","",""
"golden-waterfall-2282","finished","2021-02-11T08:35:47.000Z","1042","2021-02-11T08:53:09.000Z","turing","-","","tmkehrenberg","11","11","partial","adult","no-cluster-fdm","0.6639221556886228","0.6661676646706587","0.7417664670658682","0.5718562874251497","0.5838323353293413","0.7110778443113772","0.18413173652694617","0.16467065868263475","0.06137724550898205","0.7564356435643564","0.78","0.9205426356589148","0.7559880239520959","0.7485029940119761","0.7724550898203593","","","","","","","","1.3919811248779297","1.3240597248077393","1.3919811248779297","0.13584274053573608","0.3183000164513794","0.29580976674590986","0.2580094207143095","0.9610778443113772","0.9595808383233532","0.8862275449101796","0.997005988023952","0.997005988023952","0.9790419161676648","0.07185628742514971","0.07485029940119758","0.18562874251497008","0.927927927927928","0.924924924924925","0.8103975535168195","0.9251497005988024","0.9221556886227544","0.7934131736526946","0.36676646706586824","0.3727544910179641","0.5973053892215568","0.1467065868263473","0.17065868263473055","0.4431137724550898","0.4401197604790419","0.40419161676646703","0.3083832335329341","0.25","0.29687500000000006","0.5896414342629482","0.5868263473053892","0.5748502994011976","0.7514970059880239","0.0748502994011976","0.08682634730538923","0.23203592814371257","0.25598802395209586","0.2395209580838323","0.2470059880239521","0.2262443438914027","0.26605504587155965","0.484375","0.33083832335329344","0.3263473053892216","0.4790419161676646","3jn6rd7j","no-cluster-fdm.bg4-with-32.partial","","2021-02-11T08:53:09.000Z","","","","","2","GeForce RTX 2080 Ti","","","true","[]","0","","","","4000","[30]","both","10000","1","100","0.001","","false","0","1000","ae","300","40","0.001","","false","false","0.00001","0","0","5","0.01","100","[]","0.001","false","0","50","0.3","0.001","pl_enc_no_norm","ranking","false","1","1","256","0.7","false","exp","10","0","0","true","","true","Sex","","true","","","","","","","0.4","1","","false","true","","","","","","","","","","","","","","0.2","false","","61","0","35","mixed","","","[]","32","gated","32","false","true","16","","","","[32]","logistic_ns","0.0003","nn","0","1","false","1","false","30","512","1","","1000","256","60","0.001","false","false","1","","","","","","","","","","","","","","5000","0","250","0.001","0","rq","[]","[]","","3","1","true","","0","0","true","","false","false","256","false","","true","false","exp","500","true","0","0","0","1","","none","","","","","","cuda:0","false","bg4-with-32","0","4","","experiments/finn","false","true","true","","",""
"fallen-pine-2281","finished","2021-02-11T08:35:44.000Z","1056","2021-02-11T08:53:20.000Z","turing","-","","tmkehrenberg","10","10","partial","adult","no-cluster-fdm","0.6811377245508982","0.6833832335329342","0.7357784431137725","0.5973053892215568","0.6017964071856288","0.6991017964071856","0.16766467065868262","0.1631736526946107","0.07335329341317365","0.7808219178082192","0.7866927592954991","0.9050387596899224","0.7649700598802395","0.7649700598802395","0.7724550898203593","","","","","","","","1.3703967332839966","1.2974658012390137","1.3703967332839966","0.14586191624403","0.29918895912789495","0.28845126861729187","0.250867606771556","0.9595808383233532","0.9580838323353292","0.8937125748502994","1","0.997005988023952","0.9760479041916168","0.08083832335329344","0.07784431137724557","0.16467065868263475","0.9191616766467066","0.921921921921922","0.8312883435582822","0.9191616766467066","0.9191616766467066","0.811377245508982","0.4026946107784431","0.4086826347305389","0.5778443113772455","0.19461077844311375","0.20658682634730535","0.4221556886227545","0.4161676646706587","0.4041916167664671","0.311377245508982","0.31862745098039214","0.338235294117647","0.5755102040816327","0.6107784431137725","0.6107784431137725","0.7335329341317365","0.09730538922155688","0.10479041916167664","0.22305389221556887","0.248502994011976","0.24101796407185627","0.2380239520958084","0.2813852813852814","0.30303030303030304","0.48376623376623373","0.3458083832335329","0.3458083832335329","0.46107784431137727","1y2orp4s","no-cluster-fdm.bg4-with-32.partial","","2021-02-11T08:53:20.000Z","","","","","2","GeForce RTX 2080 Ti","","","true","[]","0","","","","4000","[30]","both","10000","1","100","0.001","","false","0","1000","ae","300","40","0.001","","false","false","0.00001","0","0","5","0.01","100","[]","0.001","false","0","50","0.3","0.001","pl_enc_no_norm","ranking","false","1","1","256","0.7","false","exp","10","0","0","true","","true","Sex","","true","","","","","","","0.4","1","","false","true","","","","","","","","","","","","","","0.2","false","","61","0","35","mixed","","","[]","32","gated","32","false","true","16","","","","[32]","logistic_ns","0.0003","nn","0","1","false","1","false","30","512","1","","1000","256","60","0.001","false","false","1","","","","","","","","","","","","","","5000","0","250","0.001","0","rq","[]","[]","","3","1","true","","0","0","true","","false","false","256","false","","true","false","exp","500","true","0","0","0","1","","none","","","","","","cuda:0","false","bg4-with-32","0","4","","experiments/finn","false","true","true","","",""
"daily-feather-2279","finished","2021-02-11T08:35:41.000Z","1017","2021-02-11T08:52:38.000Z","turing","-","","tmkehrenberg","8","8","partial","adult","no-cluster-fdm","0.6646706586826348","0.6691616766467066","0.7020958083832335","0.5823353293413174","0.5868263473053892","0.6407185628742516","0.16467065868263475","0.16467065868263475","0.12275449101796398","0.779559118236473","0.7808764940239044","0.8392156862745099","0.7470059880239521","0.7514970059880239","0.7634730538922155","","","","","","","","1.3816016912460327","1.3142366409301758","1.3816016912460327","0.1347299963235855","0.3296322637064361","0.32442176290976577","0.3749018044852738","0.9461077844311376","0.9476047904191616","0.8802395209580839","1","1","0.994011976047904","0.10778443113772453","0.10479041916167664","0.22754491017964065","0.8922155688622755","0.8952095808383234","0.7710843373493976","0.8922155688622755","0.8952095808383234","0.7664670658682635","0.38323353293413176","0.3907185628742515","0.5239520958083832","0.16467065868263472","0.17365269461077845","0.2874251497005988","0.437125748502994","0.434131736526946","0.47305389221556887","0.2736318407960199","0.28571428571428575","0.3779527559055118","0.6017964071856288","0.6077844311377245","0.7604790419161677","0.08233532934131736","0.08682634730538923","0.1467065868263473","0.27245508982035926","0.26946107784431134","0.3502994011976048","0.2320675105485232","0.24369747899159663","0.29518072289156627","0.35479041916167664","0.3562874251497006","0.49700598802395207","2h1wob37","no-cluster-fdm.bg4-with-32.partial","","2021-02-11T08:52:38.000Z","","","","","2","GeForce RTX 2080 Ti","","","true","[]","0","","","","4000","[30]","both","10000","1","100","0.001","","false","0","1000","ae","300","40","0.001","","false","false","0.00001","0","0","5","0.01","100","[]","0.001","false","0","50","0.3","0.001","pl_enc_no_norm","ranking","false","1","1","256","0.7","false","exp","10","0","0","true","","true","Sex","","true","","","","","","","0.4","1","","false","true","","","","","","","","","","","","","","0.2","false","","61","0","35","mixed","","","[]","32","gated","32","false","true","16","","","","[32]","logistic_ns","0.0003","nn","0","1","false","1","false","30","512","1","","1000","256","60","0.001","false","false","1","","","","","","","","","","","","","","5000","0","250","0.001","0","rq","[]","[]","","3","1","true","","0","0","true","","false","false","256","false","","true","false","exp","500","true","0","0","0","1","","none","","","","","","cuda:0","false","bg4-with-32","0","4","","experiments/finn","false","true","true","","",""
"brisk-shape-2280","finished","2021-02-11T08:35:41.000Z","1045","2021-02-11T08:53:06.000Z","turing","-","","tmkehrenberg","9","9","partial","adult","no-cluster-fdm","0.6803892215568862","0.6781437125748503","0.7065868263473054","0.5808383233532934","0.5748502994011976","0.657185628742515","0.1991017964071856","0.2065868263473054","0.0988023952095809","0.744721689059501","0.735632183908046","0.8693069306930692","0.7799401197604791","0.781437125748503","0.7559880239520959","","","","","","","","1.117044448852539","1.0547144412994385","1.117044448852539","0.12466011941432951","0.3469426858470993","0.3432780830039714","0.3352391998274031","0.9505988023952096","0.9580838323353292","0.8802395209580839","0.997005988023952","0.997005988023952","0.9880239520958084","0.09281437125748504","0.07784431137724557","0.2155688622754491","0.9069069069069068","0.921921921921922","0.7818181818181817","0.9041916167664672","0.9191616766467066","0.7724550898203593","0.4101796407185629","0.3982035928143712","0.5329341317365269","0.16467065868263472","0.15269461077844312","0.3263473053892216","0.4910179640718562","0.4910179640718562","0.4131736526946107","0.2511415525114155","0.2372093023255814","0.44129554655870445","0.655688622754491","0.6437125748502994","0.7395209580838323","0.08383233532934131","0.07784431137724551","0.1691616766467066","0.29191616766467066","0.2844311377245509","0.3143712574850299","0.2231075697211155","0.21487603305785125","0.3498452012383901","0.375748502994012","0.3622754491017964","0.48353293413173654","1vd15bnp","no-cluster-fdm.bg4-with-32.partial","","2021-02-11T08:53:06.000Z","","","","","2","GeForce RTX 2080 Ti","","","true","[]","0","","","","4000","[30]","both","10000","1","100","0.001","","false","0","1000","ae","300","40","0.001","","false","false","0.00001","0","0","5","0.01","100","[]","0.001","false","0","50","0.3","0.001","pl_enc_no_norm","ranking","false","1","1","256","0.7","false","exp","10","0","0","true","","true","Sex","","true","","","","","","","0.4","1","","false","true","","","","","","","","","","","","","","0.2","false","","61","0","35","mixed","","","[]","32","gated","32","false","true","16","","","","[32]","logistic_ns","0.0003","nn","0","1","false","1","false","30","512","1","","1000","256","60","0.001","false","false","1","","","","","","","","","","","","","","5000","0","250","0.001","0","rq","[]","[]","","3","1","true","","0","0","true","","false","false","256","false","","true","false","exp","500","true","0","0","0","1","","none","","","","","","cuda:0","false","bg4-with-32","0","4","","experiments/finn","false","true","true","","",""
"distinctive-bee-2278","finished","2021-02-11T08:32:37.000Z","867","2021-02-11T08:47:04.000Z","fear","-","","tmkehrenberg","7","7","partial","adult","no-cluster-fdm","0.6736526946107785","0.6661676646706587","0.6961077844311377","0.5748502994011976","0.5643712574850299","0.6302395209580839","0.19760479041916168","0.2035928143712575","0.1317365269461077","0.7441860465116279","0.7348927875243664","0.8271119842829078","0.7724550898203593","0.7679640718562875","0.7619760479041916","","","","","","","","1.2113072872161863","1.148808240890503","1.2113072872161863","0.12499818578362464","0.3669339489278923","0.38117907527065215","0.36440700218427335","0.9446107784431138","0.94311377245509","0.8712574850299402","1","1","0.9760479041916168","0.1107784431137725","0.11377245508982035","0.20958083832335328","0.8892215568862275","0.8862275449101796","0.7852760736196319","0.8892215568862275","0.8862275449101796","0.7664670658682635","0.4026946107784431","0.3892215568862275","0.5209580838323353","0.1497005988023952","0.12874251497005987","0.2844311377245509","0.5059880239520959","0.5209580838323353","0.47305389221556887","0.228310502283105","0.19815668202764977","0.37549407114624506","0.655688622754491","0.6497005988023952","0.7574850299401198","0.0748502994011976","0.06437125748502993","0.15419161676646706","0.3083832335329342","0.31736526946107785","0.3413173652694611","0.19531249999999997","0.16862745098039214","0.311178247734139","0.38323353293413176","0.38173652694610777","0.49550898203592814","3uef0eqj","no-cluster-fdm.bg4-with-32.partial","","2021-02-11T08:47:04.000Z","","","","","1","Quadro RTX 5000","","","true","[]","0","","","","4000","[30]","both","10000","1","100","0.001","","false","0","1000","ae","300","40","0.001","","false","false","0.00001","0","0","5","0.01","100","[]","0.001","false","0","50","0.3","0.001","pl_enc_no_norm","ranking","false","1","1","256","0.7","false","exp","10","0","0","true","","true","Sex","","true","","","","","","","0.4","1","","false","true","","","","","","","","","","","","","","0.2","false","","61","0","35","mixed","","","[]","32","gated","32","false","true","16","","","","[32]","logistic_ns","0.0003","nn","0","1","false","1","false","30","512","1","","1000","256","60","0.001","false","false","1","","","","","","","","","","","","","","5000","0","250","0.001","0","rq","[]","[]","","3","1","true","","0","0","true","","false","false","256","false","","true","false","exp","500","true","0","0","0","1","","none","","","","","","cuda:0","false","bg4-with-32","0","4","","experiments/finn","false","true","true","","",""
"fanciful-wood-2277","finished","2021-02-11T08:32:36.000Z","871","2021-02-11T08:47:07.000Z","fear","-","","tmkehrenberg","6","6","partial","adult","no-cluster-fdm","0.6661676646706587","0.6669161676646707","0.6519461077844312","0.5823353293413174","0.5883233532934131","0.5913173652694611","0.16766467065868262","0.15718562874251507","0.12125748502994003","0.7764471057884231","0.789156626506024","0.8298319327731093","0.75","0.7455089820359282","0.7125748502994012","","","","","","","","1.0408892631530762","0.9922391176223756","1.0408892631530762","0.09730035066604614","0.3252108154774466","0.31503009941361565","0.3279024317013528","0.9461077844311376","0.9446107784431138","0.8967065868263473","0.997005988023952","0.997005988023952","0.9790419161676648","0.10179640718562875","0.10479041916167664","0.16467065868263475","0.8978978978978979","0.8948948948948949","0.8318042813455657","0.8952095808383234","0.8922155688622755","0.8143712574850299","0.3862275449101796","0.3892215568862275","0.40718562874251496","0.16766467065868262","0.17964071856287425","0.20359281437125748","0.437125748502994","0.41916167664670656","0.407185628742515","0.2772277227722772","0.30000000000000004","0.3333333333333333","0.6047904191616766","0.5988023952095808","0.6107784431137725","0.08532934131736528","0.09131736526946108","0.1122754491017964","0.2694610778443114","0.2619760479041916","0.2859281437125748","0.24050632911392408","0.2584745762711864","0.2819548872180451","0.35479041916167664","0.3532934131736527","0.3982035928143712","1er6ctb3","no-cluster-fdm.bg4-with-32.partial","","2021-02-11T08:47:07.000Z","","","","","1","Quadro RTX 5000","","","true","[]","0","","","","4000","[30]","both","10000","1","100","0.001","","false","0","1000","ae","300","40","0.001","","false","false","0.00001","0","0","5","0.01","100","[]","0.001","false","0","50","0.3","0.001","pl_enc_no_norm","ranking","false","1","1","256","0.7","false","exp","10","0","0","true","","true","Sex","","true","","","","","","","0.4","1","","false","true","","","","","","","","","","","","","","0.2","false","","61","0","35","mixed","","","[]","32","gated","32","false","true","16","","","","[32]","logistic_ns","0.0003","nn","0","1","false","1","false","30","512","1","","1000","256","60","0.001","false","false","1","","","","","","","","","","","","","","5000","0","250","0.001","0","rq","[]","[]","","3","1","true","","0","0","true","","false","false","256","false","","true","false","exp","500","true","0","0","0","1","","none","","","","","","cuda:0","false","bg4-with-32","0","4","","experiments/finn","false","true","true","","",""
"exalted-snow-2274","finished","2021-02-11T08:18:09.000Z","1050","2021-02-11T08:35:39.000Z","turing","-","","tmkehrenberg","0","0","partial","adult","no-cluster-fdm","0.6744011976047904","0.6721556886227545","0.6833832335329342","0.5823353293413174","0.5808383233532934","0.6047904191616766","0.18413173652694617","0.1826347305389221","0.15718562874251496","0.759765625","0.7607843137254903","0.793713163064833","0.7664670658682635","0.7634730538922155","0.7619760479041916","","","","","","","","0.9105423092842102","0.8303587436676025","0.9105423092842102","0.16036710888147354","0.3322360509948602","0.3231879509487096","0.47010355384010294","0.9505988023952096","0.9550898203592816","0.8547904191616766","0.997005988023952","0.997005988023952","0.997005988023952","0.09281437125748504","0.08383233532934131","0.284431137724551","0.9069069069069068","0.915915915915916","0.7147147147147146","0.9041916167664672","0.9131736526946108","0.7125748502994012","0.3982035928143712","0.3892215568862275","0.5119760479041916","0.16766467065868262","0.16467065868263472","0.2125748502994012","0.4610778443113772","0.4491017964071856","0.5988023952095809","0.26666666666666666","0.26829268292682923","0.26199261992619927","0.6287425149700598","0.6137724550898204","0.811377245508982","0.08532934131736528","0.08383233532934131","0.10778443113772455","0.2769461077844312","0.26646706586826346","0.4416167664670659","0.23553719008264465","0.2393162393162393","0.19618528610354224","0.3622754491017964","0.3502994011976048","0.5494011976047904","ilgccj7c","no-cluster-fdm.bg4-with-32.partial","","2021-02-11T08:35:39.000Z","","","","","2","GeForce RTX 2080 Ti","","","true","[]","0","","","","4000","[30]","both","10000","1","100","0.001","","false","0","1000","ae","300","40","0.001","","false","false","0.00001","0","0","5","0.01","100","[]","0.001","false","0","50","0.3","0.001","pl_enc_no_norm","ranking","false","1","1","256","0.7","false","exp","10","0","0","true","","true","Sex","","true","","","","","","","0.4","1","","false","true","","","","","","","","","","","","","","0.2","false","","61","0","35","mixed","","","[]","32","gated","32","false","true","16","","","","[32]","logistic_ns","0.0003","nn","0","1","false","1","false","30","512","1","","1000","256","60","0.001","false","false","1","","","","","","","","","","","","","","5000","0","250","0.001","0","rq","[]","[]","","3","1","true","","0","0","true","","false","false","256","false","","true","false","exp","500","true","0","0","0","1","","none","","","","","","cuda:0","false","bg4-with-32","0","4","","experiments/finn","false","true","true","","",""
"classic-plant-2273","finished","2021-02-11T08:18:09.000Z","1056","2021-02-11T08:35:45.000Z","turing","-","","tmkehrenberg","1","1","partial","adult","no-cluster-fdm","0.6482035928143712","0.6586826347305389","0.7290419161676647","0.5658682634730539","0.5973053892215568","0.6976047904191617","0.16467065868263475","0.1227544910179641","0.06287425149700598","0.7745901639344261","0.8295218295218295","0.9173228346456692","0.7305389221556886","0.7200598802395209","0.7604790419161677","","","","","","","","0.733985424041748","0.680306077003479","0.733985424041748","0.10735871642827988","0.3540169562718788","0.2919795866187892","0.27407548393101255","0.934131736526946","0.937125748502994","0.8667664670658682","0.997005988023952","0.997005988023952","0.9670658682634732","0.12574850299401197","0.11976047904191622","0.20059880239520955","0.8738738738738739","0.8798798798798798","0.7925696594427245","0.8712574850299402","0.8772455089820359","0.7664670658682635","0.3622754491017964","0.38023952095808383","0.5913173652694611","0.1347305389221557","0.19760479041916168","0.4281437125748503","0.4550898203592814","0.3652694610778443","0.3263473053892215","0.22842639593908629","0.35106382978723405","0.5674603174603174","0.5898203592814372","0.562874251497006","0.7544910179640718","0.0688622754491018","0.1002994011976048","0.23053892215568864","0.2904191616766467","0.24251497005988024","0.26347305389221554","0.19166666666666668","0.2925764192139738","0.4666666666666667","0.3592814371257485","0.34281437125748504","0.4940119760479042","3tzx9s9q","no-cluster-fdm.bg4-with-32.partial","","2021-02-11T08:35:45.000Z","","","","","2","GeForce RTX 2080 Ti","","","true","[]","0","","","","4000","[30]","both","10000","1","100","0.001","","false","0","1000","ae","300","40","0.001","","false","false","0.00001","0","0","5","0.01","100","[]","0.001","false","0","50","0.3","0.001","pl_enc_no_norm","ranking","false","1","1","256","0.7","false","exp","10","0","0","true","","true","Sex","","true","","","","","","","0.4","1","","false","true","","","","","","","","","","","","","","0.2","false","","61","0","35","mixed","","","[]","32","gated","32","false","true","16","","","","[32]","logistic_ns","0.0003","nn","0","1","false","1","false","30","512","1","","1000","256","60","0.001","false","false","1","","","","","","","","","","","","","","5000","0","250","0.001","0","rq","[]","[]","","3","1","true","","0","0","true","","false","false","256","false","","true","false","exp","500","true","0","0","0","1","","none","","","","","","cuda:0","false","bg4-with-32","0","4","","experiments/finn","false","true","true","","",""
"kind-plant-2273","finished","2021-02-11T08:18:09.000Z","1053","2021-02-11T08:35:42.000Z","turing","-","","tmkehrenberg","3","3","partial","adult","no-cluster-fdm","0.6699101796407185","0.6766467065868264","0.7425149700598802","0.5763473053892215","0.6002994011976048","0.7395209580838323","0.187125748502994","0.15269461077844304","0.005988023952095856","0.7549019607843137","0.7972166998011929","0.9919678714859436","0.7634730538922155","0.7529940119760479","0.7455089820359282","","","","","","","","1.1878173351287842","1.114432692527771","1.1878173351287842","0.14676938951015472","0.32027428053413254","0.27737411006868845","0.21965710049444995","0.9640718562874252","0.9625748502994012","0.8922155688622755","1","1","0.994011976047904","0.07185628742514971","0.07485029940119758","0.20359281437125745","0.9281437125748504","0.9251497005988024","0.7951807228915663","0.9281437125748504","0.9251497005988024","0.7904191616766467","0.375748502994012","0.3907185628742515","0.592814371257485","0.15269461077844312","0.2005988023952096","0.48502994011976047","0.4461077844311376","0.3802395209580839","0.21556886227544908","0.25500000000000006","0.34536082474226804","0.6923076923076923","0.5988023952095808","0.5808383233532934","0.7005988023952096","0.07634730538922156","0.1002994011976048","0.24550898203592816","0.2589820359281437","0.2275449101796407","0.20958083832335328","0.22767857142857145","0.3059360730593607","0.5394736842105263","0.33532934131736525","0.3278443113772455","0.4550898203592814","36fbgh53","no-cluster-fdm.bg4-with-32.partial","","2021-02-11T08:35:42.000Z","","","","","2","GeForce RTX 2080 Ti","","","true","[]","0","","","","4000","[30]","both","10000","1","100","0.001","","false","0","1000","ae","300","40","0.001","","false","false","0.00001","0","0","5","0.01","100","[]","0.001","false","0","50","0.3","0.001","pl_enc_no_norm","ranking","false","1","1","256","0.7","false","exp","10","0","0","true","","true","Sex","","true","","","","","","","0.4","1","","false","true","","","","","","","","","","","","","","0.2","false","","61","0","35","mixed","","","[]","32","gated","32","false","true","16","","","","[32]","logistic_ns","0.0003","nn","0","1","false","1","false","30","512","1","","1000","256","60","0.001","false","false","1","","","","","","","","","","","","","","5000","0","250","0.001","0","rq","[]","[]","","3","1","true","","0","0","true","","false","false","256","false","","true","false","exp","500","true","0","0","0","1","","none","","","","","","cuda:0","false","bg4-with-32","0","4","","experiments/finn","false","true","true","","",""
"earnest-brook-2274","finished","2021-02-11T08:18:09.000Z","1050","2021-02-11T08:35:39.000Z","turing","-","","tmkehrenberg","2","2","partial","adult","no-cluster-fdm","0.6511976047904192","0.6541916167664671","0.6661676646706587","0.5688622754491018","0.5748502994011976","0.5763473053892215","0.16467065868263464","0.1586826347305389","0.17964071856287434","0.7755102040816327","0.7836734693877552","0.7623762376237623","0.7335329341317365","0.7335329341317365","0.7559880239520959","","","","","","","","1.6437807083129885","1.5792732238769531","1.6437807083129885","0.1290149986743927","0.34850478177423855","0.33941831889984253","0.4326423457066289","0.940119760479042","0.940119760479042","0.8982035928143712","1","1","1","0.11976047904191613","0.11976047904191613","0.2035928143712575","0.8802395209580839","0.8802395209580839","0.7964071856287425","0.8802395209580839","0.8802395209580839","0.7964071856287425","0.3622754491017964","0.36826347305389223","0.4341317365269461","0.1377245508982036","0.1497005988023952","0.15269461077844312","0.4491017964071856","0.437125748502994","0.562874251497006","0.2346938775510204","0.25510204081632654","0.21338912133891216","0.5868263473053892","0.5868263473053892","0.7155688622754491","0.0688622754491018","0.0748502994011976","0.07634730538922156","0.2844311377245509","0.2784431137724551","0.3832335329341317","0.19491525423728817","0.21186440677966095","0.16612377850162868","0.3532934131736527","0.3532934131736527","0.4595808383233533","1zf4d2bd","no-cluster-fdm.bg4-with-32.partial","","2021-02-11T08:35:39.000Z","","","","","2","GeForce RTX 2080 Ti","","","true","[]","0","","","","4000","[30]","both","10000","1","100","0.001","","false","0","1000","ae","300","40","0.001","","false","false","0.00001","0","0","5","0.01","100","[]","0.001","false","0","50","0.3","0.001","pl_enc_no_norm","ranking","false","1","1","256","0.7","false","exp","10","0","0","true","","true","Sex","","true","","","","","","","0.4","1","","false","true","","","","","","","","","","","","","","0.2","false","","61","0","35","mixed","","","[]","32","gated","32","false","true","16","","","","[32]","logistic_ns","0.0003","nn","0","1","false","1","false","30","512","1","","1000","256","60","0.001","false","false","1","","","","","","","","","","","","","","5000","0","250","0.001","0","rq","[]","[]","","3","1","true","","0","0","true","","false","false","256","false","","true","false","exp","500","true","0","0","0","1","","none","","","","","","cuda:0","false","bg4-with-32","0","4","","experiments/finn","false","true","true","","",""
"soft-shape-2271","finished","2021-02-11T08:18:08.000Z","867","2021-02-11T08:32:35.000Z","fear","-","","tmkehrenberg","5","5","partial","adult","no-cluster-fdm","0.6639221556886228","0.6684131736526946","0.7342814371257484","0.5883233532934131","0.6017964071856288","0.7290419161676647","0.15119760479041922","0.13323353293413176","0.010479041916167664","0.7955465587044533","0.8187372708757638","0.98582995951417","0.7395209580838323","0.7350299401197605","0.7395209580838323","","","","","","","","0.9888290762901306","0.927096664905548","0.9888290762901306","0.12346481159329414","0.3106856044438423","0.2741182863257494","0.20134068537021457","0.940119760479042","0.94311377245509","0.875748502994012","0.994011976047904","0.9910179640718564","0.9670658682634732","0.10778443113772453","0.09580838323353293","0.1826347305389222","0.891566265060241","0.9033232628398792","0.8111455108359132","0.8862275449101796","0.8952095808383234","0.7844311377245509","0.3877245508982036","0.3937125748502994","0.592814371257485","0.18263473053892215","0.2125748502994012","0.4910179640718562","0.4101796407185629","0.3622754491017964","0.2035928143712575","0.30808080808080807","0.3697916666666667","0.7068965517241379","0.592814371257485","0.5748502994011976","0.6946107784431138","0.09431137724550898","0.11077844311377244","0.2619760479041916","0.25898203592814373","0.22904191616766467","0.19311377245508984","0.26694915254237284","0.3259911894273128","0.5756578947368421","0.3532934131736527","0.3398203592814371","0.4550898203592814","3c4jg8kr","no-cluster-fdm.bg4-with-32.partial","","2021-02-11T08:32:35.000Z","","","","","1","Quadro RTX 5000","","","true","[]","0","","","","4000","[30]","both","10000","1","100","0.001","","false","0","1000","ae","300","40","0.001","","false","false","0.00001","0","0","5","0.01","100","[]","0.001","false","0","50","0.3","0.001","pl_enc_no_norm","ranking","false","1","1","256","0.7","false","exp","10","0","0","true","","true","Sex","","true","","","","","","","0.4","1","","false","true","","","","","","","","","","","","","","0.2","false","","61","0","35","mixed","","","[]","32","gated","32","false","true","16","","","","[32]","logistic_ns","0.0003","nn","0","1","false","1","false","30","512","1","","1000","256","60","0.001","false","false","1","","","","","","","","","","","","","","5000","0","250","0.001","0","rq","[]","[]","","3","1","true","","0","0","true","","false","false","256","false","","true","false","exp","500","true","0","0","0","1","","none","","","","","","cuda:0","false","bg4-with-32","0","4","","experiments/finn","false","true","true","","",""
"northern-smoke-2271","finished","2021-02-11T08:18:08.000Z","868","2021-02-11T08:32:36.000Z","fear","-","","tmkehrenberg","4","4","partial","adult","no-cluster-fdm","0.6601796407185628","0.657185628742515","0.6826347305389222","0.5688622754491018","0.5643712574850299","0.6077844311377245","0.1826347305389221","0.18562874251497008","0.14970059880239528","0.756972111553785","0.7524950099800399","0.8023715415019762","0.7514970059880239","0.75","0.7574850299401198","","","","","","","","1.0799295902252195","1.0240050554275513","1.0799295902252195","0.11184900626540184","0.3271578924599711","0.332710861579443","0.4030394998065665","0.9565868263473054","0.9565868263473054","0.8772455089820359","0.997005988023952","0.997005988023952","0.9880239520958084","0.08083832335329344","0.08083832335329344","0.22155688622754488","0.9189189189189187","0.9189189189189187","0.7757575757575758","0.9161676646706588","0.9161676646706588","0.7664670658682635","0.3637724550898204","0.35778443113772457","0.4880239520958084","0.1407185628742515","0.1317365269461078","0.2275449101796407","0.4461077844311377","0.4520958083832335","0.5209580838323353","0.23979591836734696","0.22564102564102567","0.304","0.5868263473053892","0.5838323353293413","0.7485029940119761","0.0718562874251497","0.06736526946107785","0.11976047904191615","0.26347305389221554","0.26646706586826346","0.3712574850299401","0.2142857142857143","0.2017937219730942","0.24390243902439024","0.33532934131736525","0.3338323353293413","0.4910179640718562","38n46f3n","no-cluster-fdm.bg4-with-32.partial","","2021-02-11T08:32:36.000Z","","","","","1","Quadro RTX 5000","","","true","[]","0","","","","4000","[30]","both","10000","1","100","0.001","","false","0","1000","ae","300","40","0.001","","false","false","0.00001","0","0","5","0.01","100","[]","0.001","false","0","50","0.3","0.001","pl_enc_no_norm","ranking","false","1","1","256","0.7","false","exp","10","0","0","true","","true","Sex","","true","","","","","","","0.4","1","","false","true","","","","","","","","","","","","","","0.2","false","","61","0","35","mixed","","","[]","32","gated","32","false","true","16","","","","[32]","logistic_ns","0.0003","nn","0","1","false","1","false","30","512","1","","1000","256","60","0.001","false","false","1","","","","","","","","","","","","","","5000","0","250","0.001","0","rq","[]","[]","","3","1","true","","0","0","true","","false","false","256","false","","true","false","exp","500","true","0","0","0","1","","none","","","","","","cuda:0","false","bg4-with-32","0","4","","experiments/finn","false","true","true","","",""